position_seq,instrument,direction,ordinal,size,exit_price,exit_time,exit_reason,gross_pnl,spread_cost,commission,slippage_cost,financing_cost,net_pnl,final
2,XAUUSD,long,0,48.66,914.6066119682597,1238403600000000000,stop_loss,-503.3092616244852,14.597999999999999,0.0,0.0,10.711635118356163,-528.6188967428413,True
4,XAUUSD,short,0,31.72,906.5876,1238677200000000000,take_profit,640.5029280000007,9.516,0.0,0.0,0.8858553030136986,630.101072696987,False
4,XAUUSD,short,1,31.72,899.5119,1238677200000000000,take_profit,864.9441320000001,9.516,0.0,0.0,0.8858553030136986,854.5422766969864,True
7,XAUUSD,long,0,49.15,893.8032000000001,1239627600000000000,take_profit,572.7547800000041,14.744999999999997,0.0,0.0,13.789382609589042,544.220397390415,False
7,XAUUSD,long,1,49.160000000000004,897.9033000000001,1239627600000000000,take_profit,774.4322280000041,14.748000000000001,0.0,0.0,13.792188180821922,745.8920398191822,True
10,XAUUSD,long,0,15.43,929.67296,1242219600000000000,take_profit,547.3477727999991,9.258,0.0,0.0,15.524597736712328,522.5651750632868,False
10,XAUUSD,long,1,15.43,943.40224,1242882000000000000,take_profit,759.1905631999994,11.1096,0.0,0.0,24.636104471232873,723.4448587287665,True
14,XAUUSD,short,0,21.09,952.2924,1244437200000000000,take_profit,574.8627839999981,15.1848,0.0,0.0,1.8229392846575345,557.8550447153406,False
14,XAUUSD,short,1,21.09,942.0681000000001,1244811600000000000,take_profit,790.4932709999975,12.654,0.0,0.0,4.251296198630137,773.5879748013674,True
16,XAUUSD,short,0,113.88,940.8322512414113,1245330000000000000,stop_loss,-518.4103713719235,34.163999999999994,0.0,1.3665600000000002,0.0,-553.9409313719235,True
18,XAUUSD,long,0,78.65,925.7720767357218,1245661200000000000,stop_loss,-519.713164735477,47.19,0.0,0.0,17.51711546712329,-584.4202802026003,True
21,XAUUSD,short,0,55.68,940.5403521755186,1245978000000000000,stop_loss,-517.2868091328752,40.0896,0.0,0.44544,1.5760872328767126,-559.3979363657519,True
23,XAUUSD,short,0,42.83,918.2152,1247058000000000000,take_profit,945.0353839999996,25.697999999999993,0.0,0.0,7.192283487671233,912.1451005123283,False
23,XAUUSD,short,1,42.84,910.9838,1247058000000000000,take_profit,1255.0492080000001,25.704,0.0,0.0,7.193962750684934,1222.1512452493153,True
28,XAUUSD,short,0,93.18,919.7780763525259,1247504400000000000,stop_loss,-529.08315452836,27.954,0.0,0.37272000000000005,0.0,-557.4098745283599,True
30,XAUUSD,short,0,110.56,954.8148584826305,1248670800000000000,stop_loss,-521.2747538396238,79.6032,0.0,0.88448,9.503640670684932,-611.2660745103088,True
32,XAUUSD,short,0,63.53,943.58144,1248786000000000000,take_profit,679.6795167999956,38.117999999999995,0.0,0.0,0.0,641.5615167999956,False
32,XAUUSD,short,1,63.53,939.86886,1248786000000000000,take_profit,915.5397241999957,38.117999999999995,0.0,0.0,0.0,877.4217241999957,True
34,XAUUSD,long,0,115.79,956.7397143713711,1249650000000000000,stop_loss,-531.5091729389492,34.737,0.0,0.0,0.0,-566.2461729389491,True
36,XAUUSD,long,0,62.91,938.43213675079,1250485200000000000,stop_loss,-523.2767770077979,26.4222,0.0,0.50328,14.21444728109589,-564.4167042888938,True
39,XAUUSD,short,0,101.35,955.4342590000207,1251810000000000000,stop_loss,-512.2491496520972,30.404999999999998,0.0,0.0,2.9074066246575345,-545.5615562767547,True
42,XAUUSD,short,0,88.35,998.7315110233809,1252443600000000000,stop_loss,-510.7964989156988,79.51499999999999,0.0,0.0,0.0,-590.3114989156988,True
44,XAUUSD,long,0,23.54,1129.9856000000002,1258333200000000000,take_profit,558.0298240000054,9.886800000000001,0.0,0.09416000000000001,6.294555369315069,541.7543086306904,False
44,XAUUSD,long,1,23.550000000000004,1138.9989000000003,1258390800000000000,take_profit,770.5300950000072,7.065000000000001,0.0,0.09420000000000002,6.297229352054797,757.0736656479523,True
46,XAUUSD,short,0,50.7,1157.05,1258923600000000000,stop_loss,-642.3689999999922,53.235,0.0,0.4056,5.30232129041096,-701.3119212904032,True
48,XAUUSD,short,0,27.76,1197.845345310499,1259658000000000000,stop_loss,-520.9259858194526,16.656,0.0,0.0,0.0,-537.5819858194526,True
50,XAUUSD,short,0,29.55,1121.3945400875195,1262610000000000000,stop_loss,-516.0771595862007,8.865,0.0,0.1182,10.77465943972603,-535.8350190259267,True
56,XAUUSD,long,0,29.77,1147.2561600000001,1263157200000000000,take_profit,748.0057832000008,31.258499999999994,0.0,0.0,8.154636733972604,708.5926464660282,False
56,XAUUSD,long,1,29.779999999999998,1156.0030400000003,1263157200000000000,take_profit,1008.7391312000051,31.268999999999995,0.0,0.0,8.157375946849315,969.3127552531557,True
58,XAUUSD,long,0,31.51,1117.5630764392567,1263992400000000000,stop_loss,-523.5992613990219,9.453,0.0,0.12604,19.920296540547945,-553.0985979395698,True
60,XAUUSD,long,0,63.02,1083.600253928155,1264683600000000000,stop_loss,-518.6385974476611,18.906,0.0,0.0,0.0,-537.5445974476611,True
62,XAUUSD,long,0,25.21,1088.93616,1265893200000000000,take_profit,486.7082935999966,7.563000000000001,0.0,0.0,2.1548727526027402,476.99042084739386,False
62,XAUUSD,long,1,25.22,1096.38554,1265907600000000000,take_profit,674.774718799997,7.565999999999999,0.0,0.0,2.1557275216438354,665.0529912783531,True
64,XAUUSD,short,0,51.78,1129.4498018065137,1266786000000000000,stop_loss,-521.4143375412755,54.369,0.0,0.0,5.27104936931507,-581.0543869105906,True
67,XAUUSD,long,0,26.07,1139.8531999999998,1267606800000000000,take_profit,892.9809239999969,15.642,0.0,0.0,11.610218074520548,865.7287059254763,False
67,XAUUSD,long,1,26.08,1095.5775406445327,1269262800000000000,stop_loss,-261.3857399905836,15.647999999999998,0.0,0.0,55.632516273972605,-332.66625626455624,True
72,XAUUSD,long,0,40.83,1112.19496,1269810000000000000,take_profit,612.2442167999997,42.87149999999999,0.0,0.0,10.775069440273974,558.5976473597257,False
72,XAUUSD,long,1,40.84,1117.6202400000002,1270040400000000000,take_profit,833.9626016000061,12.252,0.0,0.0,17.956000839452056,803.7546007605541,True
75,XAUUSD,long,0,64.09,1160.2179013921623,1273064400000000000,stop_loss,-526.3133997763239,19.227,0.0,1.0254400000000001,0.0,-546.5658397763239,True
77,XAUUSD,short,0,42.31,1193.949466243896,1273150800000000000,stop_loss,-527.5831167792408,12.693,0.0,0.8462000000000001,0.0,-541.1223167792407,True
79,XAUUSD,short,0,92.27,1220.0799017441495,1275354000000000000,stop_loss,-525.9299339326677,66.4344,0.0,1.1072400000000002,10.11396749452055,-603.5855414271883,True
82,XAUUSD,long,0,14.69,1263.1744,1277096400000000000,take_profit,543.8884360000002,6.1698,0.0,0.0,17.327519068493146,520.391116931507,False
82,XAUUSD,long,1,14.700000000000001,1208.4007966911586,1278003600000000000,stop_loss,-260.9132886399703,4.41,0.0,0.0,31.878340257534244,-297.2016288975046,True
89,XAUUSD,short,0,63.98,1215.0913078351982,1279026000000000000,stop_loss,-520.8808752959793,19.194,0.0,0.25592,0.0,-540.3307952959792,True
91,XAUUSD,short,0,33.73,1176.3332,1280235600000000000,take_profit,518.3221640000004,10.118999999999998,0.0,0.13491999999999998,4.833768674794521,503.2344753252059,False
91,XAUUSD,short,1,33.73,1170.4858000000002,1280235600000000000,take_profit,715.5549659999963,10.118999999999998,0.0,0.13491999999999998,4.833768674794521,700.4672773252017,True
93,XAUUSD,long,0,32.85,1216.5174399999999,1281675600000000000,take_profit,656.587403999996,13.797,0.0,0.0,9.4372641,633.353139899996,False
93,XAUUSD,long,1,32.85,1223.79036,1281949200000000000,take_profit,895.5028259999998,9.855,0.0,0.0,18.951627600000002,866.6961983999997,True
95,XAUUSD,short,0,100.13,1254.6529942566478,1283864400000000000,stop_loss,-537.9979149181513,30.038999999999998,0.0,0.0,3.770149625753425,-571.8070645439047,True
99,XAUUSD,short,0,40.02,1351.1277672870895,1288357200000000000,stop_loss,-528.1746468293175,12.006,0.0,0.0,6.456652466301371,-546.6372992956188,True
103,XAUUSD,short,0,56.32,1365.2442394476182,1290445200000000000,stop_loss,-530.2099656898587,16.896,0.0,0.45056,0.0,-547.5565256898586,True
105,XAUUSD,short,0,40.6,1384.1516418866033,1291122000000000000,stop_loss,-522.5886605960962,12.18,0.0,0.32480000000000003,0.0,-535.0934605960962,True
107,XAUUSD,long,0,60.17,1399.6551793540004,1294146000000000000,stop_loss,-524.9724582698002,18.051,0.0,0.48136,0.0,-543.5048182698002,True
109,XAUUSD,short,0,22.67,1314.3111999999999,1296147600000000000,take_profit,656.7226960000023,13.602,0.0,0.0,0.0,643.1206960000023,False
109,XAUUSD,short,1,22.68,1354.7787379190431,1296752400000000000,stop_loss,-260.7913760038987,13.607999999999999,0.0,0.09072,6.385437182465754,-280.8755331863644,True
111,XAUUSD,short,0,77.01,1369.3969398617703,1297760400000000000,stop_loss,-528.8230387549335,23.103,0.0,0.0,12.606087599178085,-564.5321263541115,True
113,XAUUSD,short,0,59.29,1419.9405968878411,1298970000000000000,stop_loss,-515.2654894801011,35.574,0.0,0.23716,0.0,-551.0766494801011,True
115,XAUUSD,long,0,39.62,1402.7204615590647,1300179600000000000,stop_loss,-517.418913029856,23.772,0.0,0.15847999999999998,49.407997255342465,-590.7573902851985,True
122,XAUUSD,short,0,60.68,1441.0765364693689,1302008400000000000,stop_loss,-515.5698329613077,18.204,0.0,0.0,2.622245469589042,-536.3960784308968,True
125,XAUUSD,short,0,52.98,1478.1535926185338,1302814800000000000,stop_loss,-507.2089369299257,31.787999999999997,0.0,0.21192,2.359939668493151,-541.5687965984188,True
127,XAUUSD,short,0,45.17,1519.9577016046685,1303923600000000000,stop_loss,-513.9307814828794,13.551,0.0,0.0,0.0,-527.4817814828795,True
129,XAUUSD,short,0,26.13,1529.088305169929,1306328400000000000,stop_loss,-505.83251409024615,7.8389999999999995,0.0,0.20904,14.197955278356165,-528.0785093686023,True
132,XAUUSD,short,0,62.28,1533.6886530256577,1306501200000000000,stop_loss,-500.647310437955,18.684,0.0,0.0,0.0,-519.331310437955,True
134,XAUUSD,long,0,78.85,1527.5476968077783,1307091600000000000,stop_loss,-508.7641067066837,47.309999999999995,0.0,0.6307999999999999,0.0,-556.7049067066837,True
136,XAUUSD,short,0,51.94,1552.1891882737655,1307365200000000000,stop_loss,-499.1012389393821,15.581999999999999,0.0,0.0,7.248754938082193,-521.9319938774644,True
140,XAUUSD,long,0,66.51,1531.2744060543555,1308834000000000000,stop_loss,-485.8950533248112,19.953,0.0,0.26604,0.0,-506.11409332481117,True
142,XAUUSD,short,0,38.06,1515.2907124665198,1309885200000000000,stop_loss,-493.28471647574776,11.418000000000001,0.0,0.4567200000000001,0.0,-505.1594364757478,True
144,XAUUSD,short,0,57.14,1596.2845200630677,1311166800000000000,stop_loss,-483.0912764036927,34.284,0.0,0.45712,0.0,-517.8323964036928,True
147,XAUUSD,long,0,27.49,1634.3648,1312290000000000000,take_profit,538.3861520000023,16.494,0.0,0.10996,14.143772199452055,507.63841980055025,False
147,XAUUSD,long,1,27.49,1641.5962000000002,1312290000000000000,take_profit,737.1773380000056,16.494,0.0,0.10996,14.143772199452055,706.4296058005535,True
149,XAUUSD,long,0,9.21,1716.101170097424,1316768400000000000,stop_loss,-491.34272340272474,5.526,0.0,0.07368000000000001,37.51104892684932,-534.4534523295741,True
155,XAUUSD,short,0,19.54,1755.858345704678,1320310800000000000,stop_loss,-488.46767506940927,5.861999999999999,0.0,0.0,1.0217776498630138,-495.3514527192723,True
157,XAUUSD,short,0,9.56,1717.45432,1321549200000000000,take_profit,608.9307008000004,2.8680000000000003,0.0,0.0,3.081081399452055,602.9816194005483,False
157,XAUUSD,short,1,9.569999999999999,1694.20658,1321880400000000000,take_profit,832.0485294000005,2.8709999999999996,0.0,0.0,5.067158471506849,824.1103709284936,True
160,XAUUSD,short,0,33.46,1713.0735646977905,1322456400000000000,stop_loss,-495.9964747880707,14.0532,0.0,0.26768000000000003,6.830719659726029,-517.1480744477967,True
163,XAUUSD,short,0,55.6,1723.4332685536588,1322658000000000000,stop_loss,-501.1377315834232,16.68,0.0,1.112,0.0,-518.9297315834232,True
165,XAUUSD,short,0,10.29,1685.65376,1323651600000000000,take_profit,571.9824096000009,7.4087999999999985,0.0,0.08231999999999999,2.1245918054794517,562.3666977945214,False
165,XAUUSD,short,1,10.29,1664.83494,1323694800000000000,take_profit,786.2080674000005,6.173999999999999,0.0,0.08231999999999999,2.1245918054794517,777.8271555945211,True
168,XAUUSD,short,0,10.37,1644.6361767178034,1326258000000000000,stop_loss,-495.33525256362276,4.3553999999999995,0.0,0.12444000000000001,3.5370450575342463,-503.352137621157,True
171,XAUUSD,short,0,37.39,1664.0442085950062,1326934800000000000,stop_loss,-496.32265936728396,26.9208,0.0,0.14956,1.8674706961643837,-525.2604900634483,True
173,XAUUSD,long,0,34.09,1722.966157720966,1328850000000000000,stop_loss,-494.0950832922681,14.317800000000002,0.0,0.0,14.101912232876714,-522.5147955251448,True
176,XAUUSD,short,0,11.65,1645.96656,1331730000000000000,take_profit,718.0295759999981,3.495,0.0,0.0,2.989883449315069,711.5446925506831,False
176,XAUUSD,short,1,11.65,1624.24814,1333530000000000000,take_profit,971.0491689999999,3.495,0.0,0.0,15.252669300000003,952.3014996999999,True
179,XAUUSD,short,0,61.1,1648.6845139263282,1335416400000000000,stop_loss,-493.9638008986608,43.992,0.0,0.0,3.0260519917808217,-540.9818528904416,True
181,XAUUSD,short,0,16.23,1604.6879820476042,1338555600000000000,stop_loss,-495.14454863261574,9.738,0.0,0.12984,10.776139277260278,-515.788527909876,True
184,XAUUSD,short,0,40.92,1572.89264,1342530000000000000,take_profit,800.6963712000004,12.276,0.0,0.0,0.0,788.4203712000004,False
184,XAUUSD,short,1,40.92999999999999,1566.44666,1343048400000000000,take_profit,1064.7260061999987,12.278999999999998,0.0,0.0,11.704586137260272,1040.7424200627383,True
187,XAUUSD,short,0,37.3,1617.3408755382495,1344344400000000000,stop_loss,-499.85265757670504,11.19,0.0,0.2984,7.222752583561644,-518.5638101602667,True
189,XAUUSD,short,0,84.36,1619.6890195984831,1344603600000000000,stop_loss,-499.32849332803823,25.308,0.0,0.0,4.109311962739726,-528.745805290778,True
191,XAUUSD,short,0,42.98,1627.1968635851806,1345554000000000000,stop_loss,-494.13519689106056,12.893999999999998,0.0,0.34384,10.471416403287673,-517.8444532943482,True
197,XAUUSD,long,0,25.95,1721.4668000000001,1347022800000000000,take_profit,683.439960000001,7.785,0.0,0.2076,0.0,675.447360000001,False
197,XAUUSD,long,1,25.959999999999997,1730.7742,1347022800000000000,take_profit,925.3234319999988,7.7879999999999985,0.0,0.20767999999999998,0.0,917.3277519999988,True
199,XAUUSD,short,0,54.87,1779.7598700928766,1348232400000000000,stop_loss,-502.05337199614195,32.922,0.0,0.87792,2.9253136241095894,-538.7786056202515,True
202,XAUUSD,short,0,31.24,1749.4787999999999,1348664400000000000,take_profit,739.4882880000071,18.744,0.0,0.12495999999999999,6.651514669589041,713.967813330418,False
202,XAUUSD,short,1,31.250000000000004,1741.3997,1348664400000000000,take_profit,992.1968750000049,18.75,0.0,0.12500000000000003,6.653643835616439,966.6682311643884,True
205,XAUUSD,long,0,34.58,1723.4823999999999,1351688400000000000,take_profit,590.0177919999929,10.373999999999999,0.0,0.0,9.39441776,570.2493742399929,False
205,XAUUSD,long,1,34.58,1699.1423197790064,1351861200000000000,stop_loss,-251.6621820419627,10.373999999999999,0.0,0.27664,18.833838784657534,-281.14666082662023,True
208,XAUUSD,short,0,28.63,1729.4157876017262,1352394000000000000,stop_loss,-506.05779903741944,8.588999999999999,0.0,0.0,1.4819829260273973,-516.1287819634468,True
210,XAUUSD,short,0,44.5,1735.418260795316,1353402000000000000,stop_loss,-507.2226053915616,13.35,0.0,0.0,2.322389164383562,-522.8949945559452,True
212,XAUUSD,long,0,62.27,1726.793253422411,1354107600000000000,stop_loss,-507.92060938646995,18.681,0.0,0.7472400000000001,0.0,-527.34884938647,True
214,XAUUSD,short,0,19.76,1673.2264799999998,1355835600000000000,take_profit,758.260755200002,11.856,0.0,0.23712000000000005,7.075967215342466,739.0916679846596,False
214,XAUUSD,short,1,19.77,1659.76362,1356008400000000000,take_profit,1024.8052325999993,11.862,0.0,0.23724000000000006,9.07079881972603,1003.6351937802732,True
217,XAUUSD,long,0,41.32,1669.97456,1356973200000000000,take_profit,524.9524192000054,24.791999999999998,0.0,0.0,10.889246389041098,489.2711728109643,False
217,XAUUSD,long,1,41.32,1674.72514,1356973200000000000,take_profit,721.2463848000012,24.791999999999998,0.0,0.0,10.889246389041098,685.5651384109601,True
220,XAUUSD,long,0,39.46,1651.7483961036507,1357246800000000000,stop_loss,-510.6756897499437,35.513999999999996,0.0,0.0,0.0,-546.1896897499437,True
222,XAUUSD,short,0,65.09,1664.60940017915,1357707600000000000,stop_loss,-512.2192576608758,27.3378,0.0,0.0,3.253537024657535,-542.8105946855334,True
225,XAUUSD,long,0,50.32,1650.2583333534037,1360587600000000000,stop_loss,-507.309465656721,15.096,0.0,0.0,73.38959001643838,-595.7950556731594,True
229,XAUUSD,long,0,69.44,1598.4644701855307,1364202000000000000,stop_loss,-502.4351903167533,41.663999999999994,0.0,0.55552,35.51428515945206,-580.1689954762053,True
231,XAUUSD,short,0,25.8,1583.19008,1364907600000000000,take_profit,571.4679359999958,15.48,0.0,0.0,6.211223473972603,549.7767125260232,False
231,XAUUSD,short,1,25.81,1574.93452,1364922000000000000,take_profit,784.7654387999974,15.485999999999999,0.0,0.0,6.213630924931507,763.0658078750658,True
235,XAUUSD,short,0,38.94,1562.91424,1365613200000000000,take_profit,588.2182943999968,11.681999999999999,0.0,0.0,0.0,576.5362943999968,False
235,XAUUSD,short,1,38.95,1557.43706,1365613200000000000,take_profit,801.7055130000003,11.685,0.0,0.0,0.0,790.0205130000004,True
237,XAUUSD,short,0,43.89,1442.134849285982,1366851600000000000,stop_loss,-513.2869351617476,31.6008,0.0,0.0,0.0,-544.8877351617476,True
239,XAUUSD,short,0,38.81,1482.9129117618534,1367571600000000000,stop_loss,-512.7931054775274,11.643,0.0,0.15524000000000002,1.716587565753425,-526.307933043281,True
242,XAUUSD,short,0,18.36,1429.49704,1368176400000000000,take_profit,725.0907456000007,11.015999999999998,0.0,0.0,4.861072070136986,709.2136735298637,False
242,XAUUSD,short,1,18.36,1415.76776,1368594000000000000,take_profit,977.160326400001,13.219199999999999,0.0,0.0,8.838594039452055,955.102532360549,True
245,XAUUSD,short,0,19.79,1418.2748551168136,1369962000000000000,stop_loss,-518.7919827617416,14.2488,0.0,0.23748000000000002,5.810629192876712,-539.0888919546182,True
249,XAUUSD,short,0,20.46,1374.68056,1370926800000000000,take_profit,758.4407423999997,14.7312,0.0,0.0,6.009965243835617,737.6995771561642,False
249,XAUUSD,short,1,20.46,1361.87164,1371560400000000000,take_profit,1020.5112455999986,12.276,0.0,0.0,11.99363238082192,996.2416132191767,True
252,XAUUSD,short,0,38.1,1262.4366522333344,1373475600000000000,stop_loss,-528.7004500900416,11.43,0.0,0.1524,1.4338846273972603,-541.7167347174387,True
255,XAUUSD,short,0,24.15,1304.53888,1375390800000000000,take_profit,667.7745479999998,14.489999999999998,0.0,0.0,3.8480239479452054,649.4365240520546,False
255,XAUUSD,short,1,24.15,1294.69172,1375419600000000000,take_profit,905.5834620000005,10.143,0.0,0.0,3.8480239479452054,891.5924380520553,True
258,XAUUSD,short,0,41.46,1322.6800868343134,1376254800000000000,stop_loss,-533.5938001506375,43.533,0.0,0.33168000000000003,4.963569618082192,-582.4220497687197,True
260,XAUUSD,long,0,28.11,1387.0572294907106,1378069200000000000,stop_loss,-529.1080790161282,29.515499999999996,0.0,0.33732000000000006,12.417443093424659,-571.3783421095528,True
263,XAUUSD,long,0,43.92,1381.9667111568026,1378357200000000000,stop_loss,-520.5964459932269,31.6224,0.0,0.0,0.0,-552.2188459932269,True
265,XAUUSD,long,0,37.63,1382.093583854369,1378386000000000000,stop_loss,-522.922139560097,11.289,0.0,0.0,0.0,-534.211139560097,True
267,XAUUSD,long,0,71.25,1381.6646263883586,1378774800000000000,stop_loss,-514.8078698294601,51.3,0.0,0.8550000000000001,23.571893219178087,-590.5347630486381,True
269,XAUUSD,long,0,15.23,1288.6023714821374,1380632400000000000,stop_loss,-515.6516823270478,4.569,0.0,0.06092,12.890846832054796,-533.1724491591025,True
273,XAUUSD,short,0,35.99,1292.4466114410948,1381986000000000000,stop_loss,-514.175145764998,15.115800000000002,0.0,0.0,1.3893461276712333,-530.6802918926693,True
275,XAUUSD,long,0,57.04,1334.2648408848365,1383195600000000000,stop_loss,-509.6614759289269,23.9568,0.0,0.0,12.152909582465753,-545.7711855113927,True
279,XAUUSD,short,0,82.94,1324.036032391935,1383814800000000000,stop_loss,-508.9225265870727,24.881999999999998,0.0,1.9905600000000003,3.2901979873972604,-539.0852845744699,True
283,XAUUSD,long,0,87.67,1303.834765943006,1383915600000000000,stop_loss,-498.42446977666197,26.301,0.0,1.0520399999999999,9.118756059178082,-534.89626583584,True
285,XAUUSD,short,0,67.73,1287.043147884147,1384434000000000000,stop_loss,-498.7060061932684,20.319,0.0,0.54184,0.0,-519.5668461932684,True
287,XAUUSD,short,0,58.17,1250.618563085095,1385542800000000000,stop_loss,-501.92351465997837,17.451,0.0,0.23268,2.18102757369863,-521.788222233677,True
289,XAUUSD,long,0,14.72,1262.26016,1386680400000000000,take_profit,525.8007552000012,8.832,0.0,0.0,5.7568802893150695,511.2118749106861,False
289,XAUUSD,long,1,14.72,1209.4391682023336,1387429200000000000,stop_loss,-251.72424406164924,10.5984,0.0,0.05888,18.79655559013699,-281.1780796517862,True
292,XAUUSD,long,0,24.79,1225.24968,1388624400000000000,take_profit,519.3425671999986,29.004299999999997,0.0,0.0,0.0,490.3382671999986,False
292,XAUUSD,long,1,24.800000000000004,1233.18692,1388696400000000000,take_profit,716.3956160000038,33.480000000000004,0.0,0.0,2.432157063013699,680.48345893699,True
294,XAUUSD,long,0,45.37,1233.0009389811376,1390424400000000000,stop_loss,-509.00879842579053,27.221999999999994,0.0,0.0,8.928147258630137,-545.1589456844207,True
296,XAUUSD,long,0,23.16,1281.5476,1392066000000000000,take_profit,585.6608160000026,13.895999999999999,0.0,0.0,11.660682460273975,560.1041335397287,False
296,XAUUSD,long,1,23.169999999999998,1290.9069,1392123600000000000,take_profit,802.768672999999,6.950999999999999,0.0,0.0,11.665717297260276,784.1519557027387,True
299,XAUUSD,short,0,49.98,1333.5741952374203,1393232400000000000,stop_loss,-507.50667796626425,29.987999999999996,0.0,0.19992,3.989655553972603,-541.6842535202369,True
301,XAUUSD,long,0,109.8,1320.583131042614,1393606800000000000,stop_loss,-502.5402115209903,32.94,0.0,0.0,0.0,-535.4802115209902,True
303,XAUUSD,long,0,56.16,1329.2407772252807,1394413200000000000,stop_loss,-500.9035510282415,23.5872,0.0,0.6739200000000001,17.92017133150685,-543.0848423597483,True
306,XAUUSD,long,0,85.8,1284.1671452455378,1396515600000000000,stop_loss,-490.1629379328689,51.47999999999999,0.0,1.0296,0.0,-542.6725379328689,True
308,XAUUSD,short,0,133.55,1325.7470514995005,1397480400000000000,stop_loss,-508.4317277582789,40.065000000000005,0.0,0.0,0.0,-548.4967277582789,True
310,XAUUSD,long,0,96.67,1284.6294142925713,1398920400000000000,stop_loss,-497.90712033713413,69.60239999999999,0.0,0.0,0.0,-567.5095203371341,True
312,XAUUSD,long,0,63.1,1287.5406459061421,1400590800000000000,stop_loss,-490.8772433224284,18.93,0.0,0.0,32.430189679452056,-542.2374330018805,True
316,XAUUSD,long,0,87.82,1308.466624790057,1403758800000000000,stop_loss,-492.08841093718513,36.8844,0.0,0.0,9.199108909589041,-538.1719198467742,True
318,XAUUSD,long,0,37.16,1328.84616,1404147600000000000,take_profit,538.3057056000057,11.147999999999998,0.0,0.0,15.533309630684933,511.62439596932074,False
318,XAUUSD,long,1,37.16,1334.13304,1404982800000000000,take_profit,734.7661664000013,11.147999999999998,0.0,0.0,54.5405118509589,669.0776545490424,True
322,XAUUSD,short,0,29.62,1298.94008,1406163600000000000,take_profit,553.5954304000009,12.4404,0.0,0.0,3.5017348284931518,537.6532955715078,False
322,XAUUSD,short,1,29.63,1291.9820200000001,1406206800000000000,take_profit,759.9496473999989,8.889,0.0,0.0,3.5029170482191785,747.5577303517797,True
324,XAUUSD,long,0,74.58,1286.1784706328572,1407171600000000000,stop_loss,-493.83366020150885,44.74799999999999,0.0,0.0,15.33397901260274,-553.9156392141116,True
326,XAUUSD,long,0,76.37,1303.5912816415848,1408107600000000000,stop_loss,-494.77972103216183,22.911,0.0,0.30548000000000003,0.0,-517.9962010321618,True
328,XAUUSD,long,0,73.47,1259.8001970763703,1410181200000000000,stop_loss,-492.9692207990737,22.041,0.0,0.0,22.195268884109588,-537.2054896831834,True
330,XAUUSD,long,0,102.85,1214.2156596130837,1411405200000000000,stop_loss,-495.15490879433406,30.854999999999997,0.0,0.0,0.0,-526.009908794334,True
332,XAUUSD,short,0,67.44,1230.171422724937,1411707600000000000,stop_loss,-487.68714856974583,28.3248,0.0,0.53952,7.438582112876713,-523.9900506826226,True
337,XAUUSD,short,0,32.06,1223.9704547096194,1412787600000000000,stop_loss,-484.76177799040056,9.618,0.0,0.25648000000000004,1.1690534071232879,-495.80531139752384,True
339,XAUUSD,short,0,89.75,1234.8151427380496,1413234000000000000,stop_loss,-484.21406073994905,53.849999999999994,0.0,1.0770000000000002,3.3410433356164386,-542.4821040755654,True
341,XAUUSD,long,0,11.94,1191.5727200000001,1415984400000000000,take_profit,507.60187680000206,7.164,0.0,0.047760000000000004,3.301546410410959,497.08857038959115,False
341,XAUUSD,long,1,11.950000000000001,1208.0111800000002,1417453200000000000,take_profit,704.466601000003,7.17,0.0,0.0478,22.44614793972603,674.802653060277,True
344,XAUUSD,short,0,47.51,1204.959330745837,1419944400000000000,stop_loss,-485.52040373471306,14.252999999999998,0.0,0.0,6.825329554246576,-506.59873328895964,True
347,XAUUSD,long,0,42.02,1176.9940380880173,1420189200000000000,stop_loss,-480.9593195415152,12.606,0.0,0.0,7.917698510684934,-501.4830180522001,True
349,XAUUSD,short,0,16.12,1262.64936,1422536400000000000,take_profit,518.2683168000011,9.672,0.0,0.0,0.6243801556164384,507.97193664438464,False
349,XAUUSD,short,1,16.12,1250.4113399999999,1423227600000000000,take_profit,715.5451992000012,9.672,0.0,0.0,5.567546798904111,700.3056524010971,True
352,XAUUSD,long,0,85.54,1195.6914259930602,1424768400000000000,stop_loss,-492.58842055363505,25.662000000000003,0.0,0.68432,8.184682807671233,-527.1194233613063,True
355,XAUUSD,long,0,62.6,1193.7149902660667,1425632400000000000,stop_loss,-482.95960934422817,18.78,0.0,0.7512000000000001,11.944585945205478,-514.4353952894336,True
359,XAUUSD,long,0,60.98,1191.2318862251025,1428987600000000000,stop_loss,-477.9681779932474,25.6116,0.0,0.0,5.809913773150686,-509.38969176639813,True
362,XAUUSD,short,0,102.21,1193.073302652767,1432904400000000000,stop_loss,-480.7245641393361,30.662999999999997,0.0,0.0,0.0,-511.3875641393361,True
364,XAUUSD,short,0,100.85,1193.4313701982644,1433250000000000000,stop_loss,-475.1416844949623,60.50999999999999,0.0,1.6136000000000001,0.0,-537.2652844949623,True
366,XAUUSD,long,0,83.97,1174.1200690078329,1434358800000000000,stop_loss,-471.90560541227603,25.191,0.0,0.0,31.562620594520553,-528.6592260067965,True
370,XAUUSD,short,0,101.05,1191.6589566538453,1434603600000000000,stop_loss,-467.7560698710683,72.756,0.0,0.0,0.0,-540.5120698710683,True
372,XAUUSD,short,0,45.59,1107.7397582283577,1439211600000000000,stop_loss,-468.6541776308253,13.677000000000001,0.0,0.0,20.99336064054795,-503.3245382713733,True
376,XAUUSD,long,0,103.11,1115.1046732611874,1441803600000000000,stop_loss,-468.66864003897945,30.933,0.0,1.2373200000000002,0.0,-500.83896003897945,True
378,XAUUSD,short,0,64.19,1116.1197086569885,1442408400000000000,stop_loss,-467.28449869209385,19.256999999999998,0.0,0.0,4.283393424109589,-490.82489211620344,True
381,XAUUSD,long,0,40.05,1119.863381629945,1443603600000000000,stop_loss,-460.0390657206981,12.014999999999999,0.0,0.0,7.185397931506849,-479.2394636522049,True
387,XAUUSD,long,0,57.39,1063.267704526975,1448629200000000000,stop_loss,-462.121237196903,17.217,0.0,0.45912000000000003,19.56394125123288,-499.36129844813587,True
390,XAUUSD,long,0,31.45,1080.5903999999998,1449234000000000000,take_profit,694.4285799999946,9.434999999999999,0.0,0.0,2.6572639219178082,682.3363160780768,False
390,XAUUSD,long,1,31.459999999999997,1088.1850999999997,1449234000000000000,take_profit,933.5786459999905,9.437999999999999,0.0,0.0,2.658108838904109,921.4825371610864,True
392,XAUUSD,long,0,39.7,1099.69496,1453280400000000000,take_profit,619.5169120000048,11.91,0.0,0.0,17.18301055890411,590.4239014411007,False
392,XAUUSD,long,1,39.7,1105.1202400000002,1453309200000000000,take_profit,834.900528000011,11.91,0.0,0.0,17.18301055890411,805.8075174411069,True
396,XAUUSD,long,0,7.81,1285.54048,1461934800000000000,take_profit,598.3278487999986,2.343,0.0,0.0,56.81046808438357,539.174380715615,False
396,XAUUSD,long,1,7.81,1313.85712,1466082000000000000,take_profit,819.4808071999986,2.343,0.0,0.0,94.31803117150686,722.8197760284918,True
410,XAUUSD,long,0,40.6,1276.3863080010199,1466499600000000000,stop_loss,-476.7938951585977,12.18,0.0,0.0,16.659919682191784,-505.6338148407895,True
414,XAUUSD,long,0,31.15,1333.0259042504713,1468342800000000000,stop_loss,-474.8535825978189,9.344999999999999,0.0,0.3738,0.0,-484.57238259781894,True
416,XAUUSD,long,0,44.29,1333.0577410755825,1468472400000000000,stop_loss,-472.2314477624523,31.8888,0.0,0.17716,0.0,-504.29740776245234,True
418,XAUUSD,long,0,66.16,1320.4770914275343,1469005200000000000,stop_loss,-469.2668311543243,19.848,0.0,0.0,13.991563927671232,-503.1063950819955,True
420,XAUUSD,long,0,66.95,1316.6689103156027,1472562000000000000,stop_loss,-467.3839543704043,20.085,0.0,0.0,7.041230549315069,-494.51018491971934,True
422,XAUUSD,short,0,56.32,1326.916898062374,1473051600000000000,stop_loss,-464.4652988728997,23.654400000000003,0.0,0.6758400000000001,6.7383068756164395,-495.53384574851617,True
424,XAUUSD,long,0,99.22,1319.2426489497445,1473915600000000000,stop_loss,-461.1101712063572,41.672399999999996,0.0,0.0,10.427309790684934,-513.2098809970421,True
426,XAUUSD,long,0,101.23,1331.540399092078,1474981200000000000,stop_loss,-457.51919990894817,30.369,0.0,0.80984,0.0,-488.6980399089482,True
428,XAUUSD,long,0,83.07,1248.5153744515685,1476450000000000000,stop_loss,-458.93064430820124,24.920999999999996,0.0,1.3291199999999999,0.0,-485.1807643082012,True
430,XAUUSD,long,0,31.73,1280.94736,1477674000000000000,take_profit,457.4628327999974,19.038,0.0,0.12692,3.200502520821918,435.09741027917545,False
430,XAUUSD,long,1,31.73,1286.5283399999998,1477990800000000000,take_profit,634.547328199996,19.038,0.0,0.12692,16.081042180821917,599.301366019174,True
433,XAUUSD,short,0,25.52,1279.44536,1478523600000000000,take_profit,536.804012800002,7.656,0.0,0.0,2.9918599232876715,526.1561528767145,False
433,XAUUSD,short,1,25.52,1271.70534,1478638800000000000,take_profit,734.329323200001,15.311999999999998,0.0,0.0,4.954608017534246,714.0627151824667,True
435,XAUUSD,long,0,41.48,1158.6324827388917,1481302800000000000,stop_loss,-471.5246159907736,24.887999999999998,0.0,0.16591999999999998,11.57017891068493,-508.14871490145856,True
440,XAUUSD,long,0,89.29,1226.157767850601,1486674000000000000,stop_loss,-463.6144086198308,53.574000000000005,0.0,0.0,8.69417463890411,-525.8825832587348,True
443,XAUUSD,long,0,58.66,1226.126805587859,1486990800000000000,stop_loss,-460.08178421618953,35.196,0.0,0.0,11.469505339178083,-506.74728955536756,True
445,XAUUSD,long,0,80.6,1220.2110263423456,1487163600000000000,stop_loss,-458.5312768069538,48.35999999999999,0.0,0.9672000000000001,7.8493734301369855,-515.7078502370908,True
448,XAUUSD,long,0,36.64,1229.7954782335842,1488517200000000000,stop_loss,-455.9672775214766,15.3888,0.0,0.0,7.224127105753425,-478.58020462723005,True
450,XAUUSD,long,0,47.38,1265.6505599999998,1491526800000000000,take_profit,828.2289327999878,19.899600000000003,0.0,0.0,9.447648586849315,798.8816842131384,False
450,XAUUSD,long,1,47.38,1271.43914,1491915600000000000,take_profit,1102.4918531999942,14.214,0.0,0.0,28.345166779178083,1059.9326864208163,True
452,XAUUSD,long,0,83.5,1263.906800262558,1493269200000000000,stop_loss,-462.85717807641845,60.12,0.0,0.334,0.0,-523.3111780764184,True
454,XAUUSD,long,0,30.41,1268.53888,1495818000000000000,take_profit,491.0874407999989,9.123,0.0,0.0,6.071317341917808,475.8931234580811,False
454,XAUUSD,long,1,30.41,1274.69422,1496408400000000000,take_profit,678.2713301999996,9.123,0.0,0.0,27.491362341643836,641.6569678583558,True
459,XAUUSD,long,0,70.44,1276.605353651235,1496926800000000000,stop_loss,-465.2312888070117,21.131999999999998,0.0,0.28176,0.0,-486.64504880701173,True
461,XAUUSD,short,0,31.84,1229.21688,1499086800000000000,take_profit,742.2897408000008,9.552,0.0,0.0,5.969289052054795,726.768451747946,False
461,XAUUSD,short,1,31.84,1221.18622,1499086800000000000,take_profit,997.9859551999975,9.552,0.0,0.0,5.969289052054795,982.4646661479427,True
464,XAUUSD,short,0,54.1,1229.6580811037,1500037200000000000,stop_loss,-473.27118771016245,16.23,0.0,0.6492000000000001,3.9725289095890415,-494.1229166197515,True
466,XAUUSD,short,0,42.12,1252.5942400000001,1502197200000000000,take_profit,667.8446111999965,25.272,0.0,0.0,6.385577789589041,636.1870334104074,False
466,XAUUSD,short,1,42.12,1273.942740770276,1502283600000000000,stop_loss,-231.35424124402454,25.272,0.0,0.0,7.987370232328767,-264.6136114763533,True
468,XAUUSD,long,0,72.59,1314.2655509327676,1505710800000000000,stop_loss,-471.4320577903986,52.26480000000001,0.0,0.0,15.181937971506851,-538.8787957619054,True
470,XAUUSD,short,0,53.17,1286.90216,1506502800000000000,take_profit,467.24945279999787,31.902,0.0,0.0,0.0,435.3474527999979,False
470,XAUUSD,short,1,53.17999999999999,1283.7120400000001,1506517200000000000,take_profit,636.9879127999967,31.907999999999994,0.0,0.0,0.0,605.0799127999967,True
472,XAUUSD,long,0,100.32,1275.3486742897956,1508706000000000000,stop_loss,-475.64979524770183,135.43199999999996,0.0,0.40127999999999997,20.32383154849315,-631.806906796195,True
474,XAUUSD,long,0,99.52,1271.322282621134,1509037200000000000,stop_loss,-473.48803354473347,29.855999999999998,0.0,0.0,10.114563875068495,-513.458597419802,True
476,XAUUSD,short,0,58.52,1283.4630309639015,1509627600000000000,stop_loss,-468.33737200751216,35.112,0.0,0.0,4.48870365041096,-507.93807565792315,True
478,XAUUSD,short,0,123.05,1279.920185795404,1509987600000000000,stop_loss,-470.0738621244728,73.83,0.0,0.4922,14.114151895890412,-558.5102140203632,True
480,XAUUSD,long,0,93.33,1270.702707142671,1510635600000000000,stop_loss,-464.5307423745226,39.1986,0.0,0.0,37.843706655616444,-541.573049030139,True
483,XAUUSD,long,0,64.33,1269.0858976728748,1512478800000000000,stop_loss,-460.2234027039642,38.598,0.0,0.25732,0.0,-499.0787227039642,True
485,XAUUSD,short,0,88.73,1324.1060307737876,1518440400000000000,stop_loss,-461.04381055816225,26.619,0.0,1.0647600000000002,0.0,-488.72757055816226,True
487,XAUUSD,short,0,77.86,1323.8556924931816,1520197200000000000,stop_loss,-455.14561751911623,81.753,0.0,0.9343200000000002,9.316337233424658,-547.1492747525408,True
489,XAUUSD,short,0,46.99,1314.59112,1520600400000000000,take_profit,450.11157120000126,14.097000000000001,0.0,0.0,3.744974260273973,432.2695969397273,False
489,XAUUSD,short,1,46.99999999999999,1329.0117130907777,1520989200000000000,stop_loss,-227.5605152665473,19.74,0.0,0.0,13.122975589041095,-260.4234908555884,True
492,XAUUSD,long,0,47.39,1322.76952,1521637200000000000,take_profit,536.9059528000001,14.217,0.0,0.0,4.93234211150685,517.7566106884933,False
492,XAUUSD,long,1,47.400000000000006,1326.89038,1521651600000000000,take_profit,732.3480119999999,14.22,0.0,0.0,4.933382909589042,713.1946290904109,True
495,XAUUSD,long,0,34.3,1323.4154672880557,1522256400000000000,stop_loss,-457.7174720196908,10.29,0.0,0.1372,0.0,-468.1446720196908,True
497,XAUUSD,long,0,35.95,1325.206037098178,1524488400000000000,stop_loss,-459.58346632049916,10.785,0.0,0.0,42.16097906712329,-512.5294453876224,True
500,XAUUSD,short,0,60.03,1312.13544,1525093200000000000,take_profit,697.8223367999984,36.018,0.0,0.7203600000000001,4.787953328219178,656.2960234717792,False
500,XAUUSD,short,1,60.03,1308.2498600000001,1525165200000000000,take_profit,931.0737041999919,36.018,0.0,0.7203600000000001,7.167077090136987,887.1682671098548,True
502,XAUUSD,short,0,22.67,1294.81272,1526389200000000000,take_profit,518.4012376000038,6.801,0.0,0.27204000000000006,10.790096426849317,500.5381011731545,False
502,XAUUSD,short,1,22.67,1286.16618,1526547600000000000,take_profit,714.4182994000029,6.801,0.0,0.27204000000000006,12.55580682821918,694.7894525717837,True
504,XAUUSD,short,0,159.37,1298.8529992001554,1528290000000000000,stop_loss,-473.8068825287502,47.811,0.0,0.0,0.0,-521.6178825287502,True
506,XAUUSD,short,0,134.1,1303.7981534021283,1528966800000000000,stop_loss,-459.71537122541486,80.46,0.0,1.0728,10.486061556164383,-551.7342327815793,True
509,XAUUSD,long,0,66.9,1291.2395350323127,1529067600000000000,stop_loss,-461.6411063382879,20.07,0.0,0.0,0.0,-481.7111063382879,True
511,XAUUSD,long,0,60.62,1261.93568,1531112400000000000,take_profit,477.42372160000616,25.4604,0.0,0.48495999999999995,18.145387921643835,433.33297367836235,False
511,XAUUSD,long,1,60.63,1264.8559200000002,1531126800000000000,take_profit,654.5566296000153,18.189,0.0,0.48504,18.148381222191784,617.7342083778235,True
514,XAUUSD,long,0,81.05,1250.1345620273667,1531270800000000000,stop_loss,-468.0992476819392,34.041,0.0,0.0,8.08690031369863,-510.2271479956378,True
517,XAUUSD,long,0,94.4,1212.6751372511078,1533531600000000000,stop_loss,-462.0750434954178,39.648,0.0,0.0,27.330623342465756,-529.0536668378836,True
519,XAUUSD,short,0,29.24,1199.9834844071074,1534928400000000000,stop_loss,-461.5090840638198,17.543999999999997,0.0,0.0,4.189206789041097,-483.2422908528609,True
525,XAUUSD,long,0,43.69,1186.426411339263,1538053200000000000,stop_loss,-459.33868858760013,13.107,0.0,0.0,54.099140106027406,-526.5448286936276,True
528,XAUUSD,short,0,113.81,1194.6088642736904,1538485200000000000,stop_loss,-455.1107429887175,34.143,0.0,0.0,0.0,-489.2537429887175,True
530,XAUUSD,short,0,118.16,1230.5106693422156,1540270800000000000,stop_loss,-460.90308947620457,49.6272,0.0,1.4179200000000003,17.456880705753427,-529.405090181958,True
536,XAUUSD,long,0,114.96,1218.8355658855726,1543323600000000000,stop_loss,-453.4521457945733,34.488,0.0,0.0,44.67820558027397,-532.6183513748473,True
540,XAUUSD,long,0,162.76,1240.1244362409639,1544763600000000000,stop_loss,-445.2403574207059,68.3592,0.0,0.0,16.063007358904112,-529.66256477961,True
543,XAUUSD,short,0,86.1,1247.8861677836219,1545066000000000000,stop_loss,-444.97924616983795,25.83,0.0,0.0,0.0,-470.80924616983793,True
545,XAUUSD,short,0,69.69,1248.1784864164815,1545282000000000000,stop_loss,-452.32199836458994,50.1768,0.0,0.0,0.0,-502.49879836458996,True
547,XAUUSD,long,0,31.89,1300.011776,1548421200000000000,take_profit,563.0745866400011,9.567,0.0,0.0,55.42525938304111,498.08232725696,False
547,XAUUSD,long,1,31.9,1306.389594,1548738000000000000,take_profit,766.703548599999,13.398,0.0,0.0,68.64648537095893,684.65906322904,True
551,XAUUSD,short,0,117.23,1301.6869677334728,1552410000000000000,stop_loss,-446.8769773950145,35.169,0.0,0.0,0.0,-482.04597739501446,True
553,XAUUSD,long,0,35.88,1316.8182559999998,1553101200000000000,take_profit,760.4140252799926,10.764000000000001,0.0,0.28704,22.243979993424663,727.1190052865679,False
553,XAUUSD,long,1,35.88,1324.005714,1553533200000000000,take_profit,1018.3000183199964,10.764000000000001,0.0,0.28704,40.95953671167124,966.2894416083251,True
558,XAUUSD,short,0,91.71,1286.661384,1554469200000000000,take_profit,592.1362533599945,55.025999999999996,0.0,1.10052,0.0,536.0097333599946,False
558,XAUUSD,short,1,91.72000000000001,1284.532446,1554469200000000000,take_profit,787.4670128800003,55.032000000000004,0.0,1.1006400000000003,0.0,731.3343728800003,True
560,XAUUSD,long,0,81.73,1272.7758668419901,1556758800000000000,stop_loss,-459.25175300414463,34.326600000000006,0.0,0.6538400000000001,24.93839626345206,-519.1705892675967,True
562,XAUUSD,short,0,51.48,1288.2559327045603,1557306000000000000,stop_loss,-456.6756156307666,15.443999999999999,0.0,0.41184,9.952059158136986,-482.48351478890356,True
566,XAUUSD,short,0,119.72,1279.7095391620694,1558616400000000000,stop_loss,-456.6766284829513,35.916,0.0,0.9577600000000001,4.597187320000001,-498.1475758029513,True
569,XAUUSD,short,0,75.82,1278.9207439999998,1559048400000000000,take_profit,453.19554992000946,22.745999999999995,0.0,0.0,2.937772612876712,427.5117773071328,False
569,XAUUSD,short,1,75.83000000000001,1276.6637859999998,1559048400000000000,take_profit,624.400447620005,22.749000000000002,0.0,0.0,2.938160079589042,598.713287540416,True
573,XAUUSD,short,0,118.03,1287.8190919139063,1559221200000000000,stop_loss,-456.90497859834693,35.409,0.0,0.9442400000000001,4.552354042876712,-497.8105726412236,True
576,XAUUSD,long,0,34.73,1412.334081710486,1564074000000000000,stop_loss,-454.6475921948165,20.837999999999997,0.0,0.0,19.63508268068493,-495.1206748755015,True
578,XAUUSD,short,0,43.31,1512.540024345051,1565773200000000000,stop_loss,-452.3740043841599,12.993,0.0,0.0,1.958873922876713,-467.3258783070366,True
581,XAUUSD,short,0,20.15,1537.868025847019,1566766800000000000,stop_loss,-449.4059708174317,21.1575,0.0,0.0,11.050712960958904,-481.6141837783906,True
586,XAUUSD,short,0,37.52,1488.3332959999998,1568826000000000000,take_profit,728.8148940800094,11.256,0.0,0.0,0.0,717.5588940800094,False
586,XAUUSD,short,1,37.52,1513.7574717186476,1568998800000000000,stop_loss,-225.1001788836563,11.256,0.0,0.0,3.3816693764383565,-239.73784826009467,True
588,XAUUSD,short,0,27.39,1514.6390041369243,1570107600000000000,stop_loss,-449.5795733103594,8.217,0.0,0.0,1.2381574458904112,-459.0347307562498,True
591,XAUUSD,long,0,39.76,1486.6350553947964,1572339600000000000,stop_loss,-449.2857975028937,11.927999999999999,0.0,0.63616,4.712853561643835,-466.5628110645375,True
593,XAUUSD,short,0,89.74,1475.9465982111635,1574226000000000000,stop_loss,-442.2924034698115,37.690799999999996,0.0,0.0,7.966722835726028,-487.9499263055376,True
596,XAUUSD,long,0,42.56,1538.1576609985993,1578963600000000000,stop_loss,-443.7875478996137,30.6432,0.0,0.68096,0.0,-475.1117078996137,True
598,XAUUSD,long,0,25.28,1569.2376160000001,1579870800000000000,take_profit,560.953492480003,15.168000000000001,0.0,0.0,28.153669923945213,517.6318225560577,False
598,XAUUSD,long,1,25.29,1577.1620540000001,1580072400000000000,take_profit,761.5844256600031,34.14149999999999,0.0,0.0,37.66367377528767,689.7792518847156,True
600,XAUUSD,long,0,32.97,1554.7429475465074,1580821200000000000,stop_loss,-446.9100793916522,9.891,0.0,0.39564000000000005,28.974243936821917,-486.1709633284741,True
604,XAUUSD,long,0,30.2,1581.5664160000001,1581685200000000000,take_profit,472.6727632000046,9.059999999999999,0.0,0.1208,7.551171594520548,455.9407916054841,False
604,XAUUSD,long,1,30.2,1587.4667540000003,1582002000000000000,take_profit,650.8629708000091,12.684,0.0,0.1208,22.749281713972604,615.3088890860365,True
606,XAUUSD,long,0,17.78,1637.6274959326306,1583946000000000000,stop_loss,-448.1894223178285,5.3340000000000005,0.0,0.21336000000000005,2.3407707089315073,-456.07755302676003,True
608,XAUUSD,long,0,5.23,1581.73152,1585011600000000000,take_profit,495.1058996,2.1966,0.0,0.0,2.5155150976164387,490.39378450238354,False
608,XAUUSD,long,1,5.23,1617.25188,1585054800000000000,take_profit,680.8773823999999,1.5690000000000002,0.0,0.0,2.5155150976164387,676.7928673023835,True
610,XAUUSD,short,0,15.42,1643.197988638754,1586178000000000000,stop_loss,-452.5768248095864,9.251999999999999,0.0,0.18504000000000004,2.256347511452055,-464.2702123210385,True
613,XAUUSD,short,0,25.08,1724.493135170194,1589461200000000000,stop_loss,-452.8227900684607,7.523999999999999,0.0,0.10031999999999999,12.881843973041097,-473.3289540415018,True
618,XAUUSD,short,0,27.24,1737.4533700077113,1590771600000000000,stop_loss,-447.69947901005577,8.171999999999999,0.0,0.0,1.4134182986301371,-457.2848973086859,True
621,XAUUSD,short,0,32.34,1722.9366160000002,1591117200000000000,take_profit,545.9439585599936,9.702,0.0,0.0,0.0,536.2419585599936,False
621,XAUUSD,short,1,32.34,1717.0643040000002,1591174800000000000,take_profit,735.8545286399924,9.702,0.0,0.0,1.682655073150685,724.4698735668417,True
623,XAUUSD,short,0,27.0,1724.2945490274374,1591794000000000000,stop_loss,-450.5368237408104,8.1,0.0,0.0,1.3940244246575344,-460.03084816546794,True
625,XAUUSD,long,0,14.51,1752.536816,1592787600000000000,take_profit,464.44792016000036,6.094200000000001,0.0,0.0,13.998419777150687,444.3553003828497,False
625,XAUUSD,long,1,14.51,1764.7343540000002,1592917200000000000,take_profit,641.4341965400021,4.353,0.0,0.0,16.022083045150687,621.0591134948514,True
627,XAUUSD,short,0,34.08,1791.2501899776335,1594126800000000000,stop_loss,-454.7018344377514,10.223999999999998,0.0,0.27264,9.127598781369864,-474.32607321912127,True
629,XAUUSD,long,0,12.07,1991.53384,1596546000000000000,take_profit,431.21088880000076,7.242,0.0,0.0,7.589816527342466,416.3790722726583,False
629,XAUUSD,long,1,12.07,2005.19046,1596560400000000000,take_profit,596.0462922000005,7.242,0.0,0.0,7.589816527342466,581.2144756726581,True
633,XAUUSD,long,0,25.25,1907.2977658938148,1598446800000000000,stop_loss,-457.5359111811733,7.574999999999999,0.0,0.101,3.8710245787671234,-469.08293575994037,True
636,XAUUSD,short,0,18.38,1965.4557195765037,1598533200000000000,stop_loss,-454.3116858161374,5.513999999999999,0.0,0.0,0.0,-459.8256858161374,True
638,XAUUSD,short,0,39.51,1969.0039569969683,1600146000000000000,stop_loss,-453.81016095021744,28.4472,0.0,0.0,0.0,-482.25736095021745,True
640,XAUUSD,short,0,19.89,1941.818,1600304400000000000,take_profit,423.99513000000013,8.3538,0.0,0.0,1.174691302520548,414.4666386974796,False
640,XAUUSD,short,1,19.9,1933.6005,1600347600000000000,take_profit,587.7365499999995,5.969999999999999,0.0,0.0,1.1752818964383562,580.5912681035611,True
642,XAUUSD,long,0,21.83,1879.401410882849,1603875600000000000,stop_loss,-455.45215042740955,6.5489999999999995,0.0,0.0,46.236269184438356,-508.2374196118479,True
648,XAUUSD,short,0,21.87,1913.7616501678492,1604437200000000000,stop_loss,-453.07313917086066,13.122,0.0,0.34992000000000006,2.4999810307397263,-469.0450402016004,True
651,XAUUSD,short,0,15.05,1855.13304,1605776400000000000,take_profit,475.60949799999946,4.515,0.0,0.0,1.7010693383561646,469.3934286616433,False
651,XAUUSD,short,1,15.05,1843.22026,1606136400000000000,take_profit,654.8968369999977,4.515,0.0,0.0,5.093504970821918,645.2883320291759,True
653,XAUUSD,long,0,23.87,1818.8273832193042,1607936400000000000,stop_loss,-457.36392255520923,14.322000000000001,0.0,0.2864400000000001,13.934151803753426,-485.9065143589627,True
657,XAUUSD,short,0,18.14,1829.1650399999999,1610586000000000000,take_profit,461.0999344000036,7.6188,0.0,0.0,1.0107466358904111,452.4703877641131,False
657,XAUUSD,short,1,18.14,1819.76076,1610917200000000000,take_profit,631.6935736000031,19.047,0.0,0.0,5.013123236,607.6334503640031,True
660,XAUUSD,long,0,22.51,1865.245728,1611147600000000000,take_profit,667.6629872800015,6.753,0.0,0.09004000000000001,6.586339906958905,654.2336073730426,False
660,XAUUSD,long,1,22.51,1875.236132,1611925200000000000,take_profit,892.5469813199992,6.753,0.0,0.09004000000000001,36.43543629221919,849.26850502778,True
669,XAUUSD,short,0,35.81,1870.6006574152461,1612155600000000000,stop_loss,-466.1981220399602,15.040200000000002,0.0,0.0,5.995474239232879,-487.2337962791931,True
671,XAUUSD,long,0,31.11,1828.1770546171974,1612400400000000000,stop_loss,-463.1639808589897,13.066200000000002,0.0,0.12444,9.076187120465754,-485.43080797945544,True
673,XAUUSD,short,0,20.88,1738.9267450887296,1617714000000000000,stop_loss,-459.75139745267614,6.263999999999999,0.0,0.25056,5.438077985095891,-471.70403543777206,True
675,XAUUSD,short,0,46.24,1746.8397254863091,1618462800000000000,stop_loss,-461.231306486934,33.2928,0.0,0.9248000000000002,0.0,-495.448906486934,True
677,XAUUSD,short,0,71.09,1751.00505512975,1618491600000000000,stop_loss,-452.63394917393055,21.327,0.0,0.28436,0.0,-474.24530917393054,True
679,XAUUSD,short,0,40.87,1791.8985078466274,1619182800000000000,stop_loss,-456.1299556916576,12.261,0.0,0.0,2.1961777790684933,-470.5871334707261,True
682,XAUUSD,long,0,30.12,1761.3347437239265,1619701200000000000,stop_loss,-452.108919035334,9.036,0.0,0.0,25.523753273753425,-486.6686723090874,True
686,XAUUSD,short,0,41.42,1791.7337625142063,1620046800000000000,stop_loss,-450.47408333842793,12.426,0.0,0.16568000000000002,0.0,-463.0657633384279,True
688,XAUUSD,long,0,16.43,1806.9616800000001,1620306000000000000,take_profit,515.3052624000026,4.928999999999999,0.0,0.0,4.652130372657534,505.72413202734504,False
688,XAUUSD,long,1,16.439999999999998,1818.61842,1620349200000000000,take_profit,707.2557048000009,6.9048,0.0,0.0,7.025227098739725,693.3256777012612,True
690,XAUUSD,long,0,23.45,1850.594656,1621213200000000000,take_profit,595.3170831999977,9.849,0.0,0.28140000000000004,13.715855787123289,571.4708274128744,False
690,XAUUSD,long,1,23.459999999999997,1859.494814,1621256400000000000,take_profit,804.3686564399958,7.037999999999999,0.0,0.28152000000000005,13.721704766136988,783.3274316738588,True
694,XAUUSD,short,0,48.98,1891.3146249410822,1621947600000000000,stop_loss,-457.3078896142043,14.693999999999999,0.0,0.5877600000000001,0.0,-472.58964961420435,True
696,XAUUSD,short,0,13.76,1750.8947600000001,1624971600000000000,take_profit,446.9143423999985,4.128,0.0,0.0,5.903430218520549,436.88291218147793,False
696,XAUUSD,short,1,13.770000000000001,1800.0033152763835,1625547600000000000,stop_loss,-228.98567135580112,5.7834,0.0,0.16524000000000005,11.07647282243836,-246.01078417823948,True
701,XAUUSD,long,0,33.27,1796.497380487945,1626699600000000000,stop_loss,-460.8101111660663,19.962,0.0,0.26616,9.59854120569863,-490.6368123717649,True
703,XAUUSD,long,0,38.57,1796.3501926780598,1626872400000000000,stop_loss,-456.3142384072357,11.571,0.0,0.0,11.096510169260274,-478.981748576496,True
705,XAUUSD,short,0,71.55,1803.9090095097724,1631624400000000000,stop_loss,-467.29373042422253,21.465,0.0,0.2862,15.427348715342466,-504.472279139565,True
708,XAUUSD,long,0,35.1,1739.6781583647683,1632805200000000000,stop_loss,-451.3804413966348,14.742,0.0,0.0,19.52130851013699,-485.6437499067718,True
710,XAUUSD,long,0,17.92,1812.0530880000001,1634907600000000000,take_profit,785.0946969600028,5.376,0.0,0.14336000000000002,17.664592376986306,761.9107445830165,False
710,XAUUSD,long,1,17.92,1826.8027220000001,1636419600000000000,take_profit,1049.4081382400032,7.526400000000001,0.0,0.14336000000000002,63.69918655473973,978.0391916852634,True
719,XAUUSD,long,0,35.06,1772.8305953177503,1638421200000000000,stop_loss,-462.5958281596779,14.725200000000001,0.0,0.0,4.960841595342466,-482.28186975502035,True
721,XAUUSD,short,0,48.49,1793.2977890926154,1639659600000000000,stop_loss,-454.82597310092615,14.547,0.0,0.38792000000000004,0.0,-469.7608931009262,True
723,XAUUSD,short,0,54.57,1821.7356540810206,1640955600000000000,stop_loss,-452.96669320129627,16.371,0.0,0.0,2.9877131812602746,-472.32540638255654,True
725,XAUUSD,short,0,36.67,1831.2755236465662,1642597200000000000,stop_loss,-450.58349211957943,11.001,0.0,0.0,12.048504972493152,-473.63299709207257,True
727,XAUUSD,short,0,74.86,1845.831883258198,1643115600000000000,stop_loss,-450.4987407087042,22.458,0.0,0.8983200000000001,0.0,-473.8550607087042,True
729,XAUUSD,short,0,27.16,1935.1550480874125,1646298000000000000,stop_loss,-445.7512260541258,8.148,0.0,0.32592000000000004,1.5789981667945208,-455.80414422092036,True
731,XAUUSD,long,0,9.55,1954.8777975426078,1647248400000000000,stop_loss,-444.07693346809464,2.865,0.0,0.11460000000000002,7.525505442465755,-454.5820389105604,True
736,XAUUSD,long,0,30.35,1911.1208,1651208400000000000,take_profit,462.3154799999999,21.852,0.0,0.0,0.0,440.46347999999995,False
736,XAUUSD,long,1,30.36,1916.4924499999997,1651208400000000000,take_profit,625.5511019999943,21.8592,0.0,0.0,0.0,603.6919019999943,True
738,XAUUSD,short,0,16.86,1862.4288800000002,1651496400000000000,take_profit,573.5623631999988,10.116,0.0,0.0,1.9278876946849317,561.5184755053139,False
738,XAUUSD,short,1,16.86,1850.33272,1651568400000000000,take_profit,777.5036207999997,10.116,0.0,0.0,2.8745456538082195,764.5130751461915,True
740,XAUUSD,short,0,16.77,1861.5212009981983,1653296400000000000,stop_loss,-453.0952307397868,5.031,0.0,0.13416,5.564668447890411,-463.82505918767725,True
742,XAUUSD,long,0,28.53,1829.8948412403533,1654059600000000000,stop_loss,-450.72146941271865,11.982600000000001,0.0,0.34236000000000005,29.349116935397262,-492.3955463481159,True
746,XAUUSD,short,0,44.52,1865.795909302623,1654174800000000000,stop_loss,-448.4014021527759,13.356,0.0,0.17808000000000002,0.0,-461.93548215277593,True
748,XAUUSD,short,0,31.84,1865.8345171833164,1654866000000000000,stop_loss,-445.96750711679476,9.552,0.0,0.50944,12.421944807890412,-468.45089192468515,True
751,XAUUSD,short,0,7.39,1784.8894,1656680400000000000,take_profit,496.7085040000003,4.433999999999999,0.0,0.0,5.701713784136986,486.5727902158633,False
751,XAUUSD,short,1,7.3999999999999995,1759.3546,1657112400000000000,take_profit,686.3381600000013,4.4399999999999995,0.0,0.0,7.717649298082192,674.180510701919,True
753,XAUUSD,long,0,38.04,1728.5788824414353,1661864400000000000,stop_loss,-450.2078719277997,11.411999999999999,0.0,0.15216,5.25692914980822,-467.0289610776079,True
755,XAUUSD,long,0,31.45,1686.7973188346982,1663218000000000000,stop_loss,-448.0581226487441,13.209,0.0,0.37740000000000007,34.24384679136986,-495.88836944011393,True
757,XAUUSD,short,0,71.12,1681.2982738122705,1663779600000000000,stop_loss,-446.1552335286721,21.336000000000002,0.0,0.0,0.0,-467.4912335286721,True
759,XAUUSD,short,0,46.65,1681.810259052417,1663851600000000000,stop_loss,-442.627284795258,27.989999999999995,0.0,0.0,0.0,-470.617284795258,True
762,XAUUSD,long,0,40.26,1698.194071354648,1665147600000000000,stop_loss,-439.9584072618731,12.078,0.0,0.0,0.0,-452.0364072618731,True
764,XAUUSD,long,0,40.33,1658.5747354753469,1665666000000000000,stop_loss,-438.5187582792645,12.098999999999998,0.0,0.48396000000000006,5.365403977150685,-456.46712225641517,True
766,XAUUSD,long,0,36.57,1637.7204848165577,1666155600000000000,stop_loss,-434.726430258483,15.3594,0.0,0.0,4.800563136821919,-454.8863933953049,True
768,XAUUSD,long,0,30.15,1635.930578558384,1667192400000000000,stop_loss,-432.27325646472286,12.663,0.0,0.36180000000000007,11.80639356410959,-457.1044500288325,True
770,XAUUSD,long,0,32.47,1750.8369683885742,1668776400000000000,stop_loss,-432.20919642299356,9.741,0.0,0.12988,4.548016144219178,-446.6280925672127,True
773,XAUUSD,short,0,25.18,1811.8404488761598,1670936400000000000,stop_loss,-429.12886270170435,15.107999999999999,0.0,0.30216000000000004,4.074141315561644,-448.613164017266,True
